metric,direction,value,unit,protocol,source_evidence,checkpoint
FID,A2B (Monet->Photo),95.00897934893692,score,"official course evaluator, N_EVAL=300, JPEG q95, Inception-v3; fixed in-domain set: 300 Monet + first 300 sorted photos (not held-out)",outputs/phase0/sweep/epoch_029/metrics.json; outputs/official_eval/epoch_029/*.ipynb,epoch_28.pt (completed epoch 29) sha256 d3124ab24a6f2201a03673cde5a416d04c78dd44985a3c7d590c48efc7e89d3c
FID,B2A (Photo->Monet),102.21947623426304,score,"official course evaluator, N_EVAL=300, JPEG q95, Inception-v3; fixed in-domain set: 300 Monet + first 300 sorted photos (not held-out)",outputs/phase0/sweep/epoch_029/metrics.json; outputs/official_eval/epoch_029/*.ipynb,epoch_28.pt (completed epoch 29) sha256 d3124ab24a6f2201a03673cde5a416d04c78dd44985a3c7d590c48efc7e89d3c
FID,average,98.61422779159997,score,"official course evaluator, N_EVAL=300, JPEG q95, Inception-v3; fixed in-domain set: 300 Monet + first 300 sorted photos (not held-out); mean of both directions = submission FID",outputs/phase0/sweep/epoch_029/metrics.json; outputs/official_eval/epoch_029/*.ipynb,epoch_28.pt (completed epoch 29) sha256 d3124ab24a6f2201a03673cde5a416d04c78dd44985a3c7d590c48efc7e89d3c
MiFID,A2B (Monet->Photo),0.41308894753456116,score,"official course evaluator, N_EVAL=300, JPEG q95, Inception-v3; fixed in-domain set: 300 Monet + first 300 sorted photos (not held-out); evaluator MiFID exactly as supplied",outputs/phase0/sweep/epoch_029/metrics.json; outputs/official_eval/epoch_029/*.ipynb,epoch_28.pt (completed epoch 29) sha256 d3124ab24a6f2201a03673cde5a416d04c78dd44985a3c7d590c48efc7e89d3c
MiFID,B2A (Photo->Monet),0.40687206387519836,score,"official course evaluator, N_EVAL=300, JPEG q95, Inception-v3; fixed in-domain set: 300 Monet + first 300 sorted photos (not held-out); evaluator MiFID exactly as supplied",outputs/phase0/sweep/epoch_029/metrics.json; outputs/official_eval/epoch_029/*.ipynb,epoch_28.pt (completed epoch 29) sha256 d3124ab24a6f2201a03673cde5a416d04c78dd44985a3c7d590c48efc7e89d3c
MiFID,average,0.40998050570487976,score,"official course evaluator, N_EVAL=300, JPEG q95, Inception-v3; fixed in-domain set: 300 Monet + first 300 sorted photos (not held-out); mean of both directions = submission MiFID",outputs/phase0/sweep/epoch_029/metrics.json; outputs/official_eval/epoch_029/*.ipynb,epoch_28.pt (completed epoch 29) sha256 d3124ab24a6f2201a03673cde5a416d04c78dd44985a3c7d590c48efc7e89d3c
FID_recomputed_cpu,A2B (Monet->Photo),94.988601902613,score,"consistency check only: evaluator FID code on CPU, regenerated JPEG q95 predictions; official value is the row above",outputs/final_eval_epoch029/metrics_final.json,epoch_28.pt (completed epoch 29) sha256 d3124ab24a6f2201a03673cde5a416d04c78dd44985a3c7d590c48efc7e89d3c
FID_recomputed_cpu,B2A (Photo->Monet),102.20734230407723,score,consistency check only (see above),outputs/final_eval_epoch029/metrics_final.json,epoch_28.pt (completed epoch 29) sha256 d3124ab24a6f2201a03673cde5a416d04c78dd44985a3c7d590c48efc7e89d3c
KID,A2B (Monet->Photo),0.013970878756337632,MMD^2,"unbiased MMD^2, polynomial kernel (x.y/d + 1)^3, d=2048, gamma=1/d, coef0=1, degree=3; 100 random subsets of 100 (no replacement) from 300 vs 300, RandomState(42); also full-sample 300 vs 300; subset std 0.002168",outputs/final_eval_epoch029/metrics_final.json,epoch_28.pt (completed epoch 29) sha256 d3124ab24a6f2201a03673cde5a416d04c78dd44985a3c7d590c48efc7e89d3c
KID_subset_std,A2B (Monet->Photo),0.002168098384159743,MMD^2,std over the 100 subsets above,outputs/final_eval_epoch029/metrics_final.json,epoch_28.pt (completed epoch 29) sha256 d3124ab24a6f2201a03673cde5a416d04c78dd44985a3c7d590c48efc7e89d3c
KID_full_sample,A2B (Monet->Photo),0.014104320921493496,MMD^2,unbiased MMD^2 on all 300 vs 300 (same kernel),outputs/final_eval_epoch029/metrics_final.json,epoch_28.pt (completed epoch 29) sha256 d3124ab24a6f2201a03673cde5a416d04c78dd44985a3c7d590c48efc7e89d3c
generative_precision,A2B (Monet->Photo),0.7166666666666667,fraction,"Kynkaanniemi 2019 k-NN manifolds, k=3, Euclidean on 2048-d Inception features",outputs/final_eval_epoch029/metrics_final.json,epoch_28.pt (completed epoch 29) sha256 d3124ab24a6f2201a03673cde5a416d04c78dd44985a3c7d590c48efc7e89d3c
generative_recall,A2B (Monet->Photo),0.39,fraction,"Kynkaanniemi 2019 k-NN manifolds, k=3, Euclidean on 2048-d Inception features",outputs/final_eval_epoch029/metrics_final.json,epoch_28.pt (completed epoch 29) sha256 d3124ab24a6f2201a03673cde5a416d04c78dd44985a3c7d590c48efc7e89d3c
density,A2B (Monet->Photo),1.2893333333333334,score,"supplementary; Naeem 2020, k=5",outputs/final_eval_epoch029/metrics_final.json,epoch_28.pt (completed epoch 29) sha256 d3124ab24a6f2201a03673cde5a416d04c78dd44985a3c7d590c48efc7e89d3c
coverage,A2B (Monet->Photo),0.94,fraction,"supplementary; Naeem 2020, k=5",outputs/final_eval_epoch029/metrics_final.json,epoch_28.pt (completed epoch 29) sha256 d3124ab24a6f2201a03673cde5a416d04c78dd44985a3c7d590c48efc7e89d3c
content_preservation_cosine_similarity,A2B (Monet->Photo),0.7959716418444023,cosine,"cos(Inception(input file), Inception(JPEG translation)), matched by sorted filename; per-image std 0.0828",outputs/final_eval_epoch029/metrics_final.json,epoch_28.pt (completed epoch 29) sha256 d3124ab24a6f2201a03673cde5a416d04c78dd44985a3c7d590c48efc7e89d3c
KID,B2A (Photo->Monet),0.009064097211457546,MMD^2,"unbiased MMD^2, polynomial kernel (x.y/d + 1)^3, d=2048, gamma=1/d, coef0=1, degree=3; 100 random subsets of 100 (no replacement) from 300 vs 300, RandomState(42); also full-sample 300 vs 300; subset std 0.001787",outputs/final_eval_epoch029/metrics_final.json,epoch_28.pt (completed epoch 29) sha256 d3124ab24a6f2201a03673cde5a416d04c78dd44985a3c7d590c48efc7e89d3c
KID_subset_std,B2A (Photo->Monet),0.0017873268458643379,MMD^2,std over the 100 subsets above,outputs/final_eval_epoch029/metrics_final.json,epoch_28.pt (completed epoch 29) sha256 d3124ab24a6f2201a03673cde5a416d04c78dd44985a3c7d590c48efc7e89d3c
KID_full_sample,B2A (Photo->Monet),0.009135360155873684,MMD^2,unbiased MMD^2 on all 300 vs 300 (same kernel),outputs/final_eval_epoch029/metrics_final.json,epoch_28.pt (completed epoch 29) sha256 d3124ab24a6f2201a03673cde5a416d04c78dd44985a3c7d590c48efc7e89d3c
generative_precision,B2A (Photo->Monet),0.4,fraction,"Kynkaanniemi 2019 k-NN manifolds, k=3, Euclidean on 2048-d Inception features",outputs/final_eval_epoch029/metrics_final.json,epoch_28.pt (completed epoch 29) sha256 d3124ab24a6f2201a03673cde5a416d04c78dd44985a3c7d590c48efc7e89d3c
generative_recall,B2A (Photo->Monet),0.6133333333333333,fraction,"Kynkaanniemi 2019 k-NN manifolds, k=3, Euclidean on 2048-d Inception features",outputs/final_eval_epoch029/metrics_final.json,epoch_28.pt (completed epoch 29) sha256 d3124ab24a6f2201a03673cde5a416d04c78dd44985a3c7d590c48efc7e89d3c
density,B2A (Photo->Monet),0.392,score,"supplementary; Naeem 2020, k=5",outputs/final_eval_epoch029/metrics_final.json,epoch_28.pt (completed epoch 29) sha256 d3124ab24a6f2201a03673cde5a416d04c78dd44985a3c7d590c48efc7e89d3c
coverage,B2A (Photo->Monet),0.7166666666666667,fraction,"supplementary; Naeem 2020, k=5",outputs/final_eval_epoch029/metrics_final.json,epoch_28.pt (completed epoch 29) sha256 d3124ab24a6f2201a03673cde5a416d04c78dd44985a3c7d590c48efc7e89d3c
content_preservation_cosine_similarity,B2A (Photo->Monet),0.7705077186759515,cosine,"cos(Inception(input file), Inception(JPEG translation)), matched by sorted filename; per-image std 0.0995",outputs/final_eval_epoch029/metrics_final.json,epoch_28.pt (completed epoch 29) sha256 d3124ab24a6f2201a03673cde5a416d04c78dd44985a3c7d590c48efc7e89d3c
content_preservation_cosine_similarity,"overall (mean of A2B,B2A)",0.7832396802601769,cosine,"cos(Inception(input file), Inception(JPEG translation)), matched by sorted filename",outputs/final_eval_epoch029/metrics_final.json,epoch_28.pt (completed epoch 29) sha256 d3124ab24a6f2201a03673cde5a416d04c78dd44985a3c7d590c48efc7e89d3c
cycle_reconstruction_L1,A (Monet cycle A->B->A),0.04214372815564275,"mean abs error, [0,1] pixels","mean |x - G_back(G_fwd(x))| on [0,1] pixel scale, raw tensors before JPEG",outputs/final_eval_epoch029/metrics_final.json,epoch_28.pt (completed epoch 29) sha256 d3124ab24a6f2201a03673cde5a416d04c78dd44985a3c7d590c48efc7e89d3c
LPIPS_cycle,A (Monet cycle A->B->A),0.24189259936412175,LPIPS,"lpips 0.1.4, net=alex (v0.1), inputs in [-1,1], spatial mean; input vs cycle reconstruction",outputs/final_eval_epoch029/metrics_final.json,epoch_28.pt (completed epoch 29) sha256 d3124ab24a6f2201a03673cde5a416d04c78dd44985a3c7d590c48efc7e89d3c
LPIPS_direct_translation,A (Monet cycle A->B->A),0.3677576095610857,LPIPS,"supplementary: input vs direct translation (style change is intended); lpips 0.1.4, net=alex (v0.1), inputs in [-1,1], spatial mean",outputs/final_eval_epoch029/metrics_final.json,epoch_28.pt (completed epoch 29) sha256 d3124ab24a6f2201a03673cde5a416d04c78dd44985a3c7d590c48efc7e89d3c
cycle_reconstruction_L1,B (Photo cycle B->A->B),0.05125599871700009,"mean abs error, [0,1] pixels","mean |x - G_back(G_fwd(x))| on [0,1] pixel scale, raw tensors before JPEG",outputs/final_eval_epoch029/metrics_final.json,epoch_28.pt (completed epoch 29) sha256 d3124ab24a6f2201a03673cde5a416d04c78dd44985a3c7d590c48efc7e89d3c
LPIPS_cycle,B (Photo cycle B->A->B),0.19119550722340742,LPIPS,"lpips 0.1.4, net=alex (v0.1), inputs in [-1,1], spatial mean; input vs cycle reconstruction",outputs/final_eval_epoch029/metrics_final.json,epoch_28.pt (completed epoch 29) sha256 d3124ab24a6f2201a03673cde5a416d04c78dd44985a3c7d590c48efc7e89d3c
LPIPS_direct_translation,B (Photo cycle B->A->B),0.390324335321784,LPIPS,"supplementary: input vs direct translation (style change is intended); lpips 0.1.4, net=alex (v0.1), inputs in [-1,1], spatial mean",outputs/final_eval_epoch029/metrics_final.json,epoch_28.pt (completed epoch 29) sha256 d3124ab24a6f2201a03673cde5a416d04c78dd44985a3c7d590c48efc7e89d3c
cycle_reconstruction_L1,overall,0.04669986343632142,"mean abs error, [0,1] pixels","mean |x - G_back(G_fwd(x))| on [0,1] pixel scale, raw tensors before JPEG",outputs/final_eval_epoch029/metrics_final.json,epoch_28.pt (completed epoch 29) sha256 d3124ab24a6f2201a03673cde5a416d04c78dd44985a3c7d590c48efc7e89d3c
LPIPS_cycle,overall,0.21654405329376458,LPIPS,"lpips 0.1.4, net=alex (v0.1), inputs in [-1,1], spatial mean; input vs cycle reconstruction",outputs/final_eval_epoch029/metrics_final.json,epoch_28.pt (completed epoch 29) sha256 d3124ab24a6f2201a03673cde5a416d04c78dd44985a3c7d590c48efc7e89d3c
LPIPS_direct_translation,overall,0.37904097244143486,LPIPS,"supplementary; lpips 0.1.4, net=alex (v0.1), inputs in [-1,1], spatial mean",outputs/final_eval_epoch029/metrics_final.json,epoch_28.pt (completed epoch 29) sha256 d3124ab24a6f2201a03673cde5a416d04c78dd44985a3c7d590c48efc7e89d3c
generator_loss_total,overall,3.4023680424581846,loss,"mean over the 7,038 steps of completed epoch 29 (0-indexed epoch 28); adv + 10*cycle + 5*identity","reproducibility/raw_logs/khushi/task3_khushi_prod_20260930_154246*.jsonl (epoch_end records, epochs 1-29)",epoch_28.pt (completed epoch 29) sha256 d3124ab24a6f2201a03673cde5a416d04c78dd44985a3c7d590c48efc7e89d3c
discriminator_loss_D_A,Monet discriminator,0.11601313764907464,loss,"mean over the 7,038 steps of completed epoch 29 (0-indexed epoch 28); LSGAN","reproducibility/raw_logs/khushi/task3_khushi_prod_20260930_154246*.jsonl (epoch_end records, epochs 1-29)",epoch_28.pt (completed epoch 29) sha256 d3124ab24a6f2201a03673cde5a416d04c78dd44985a3c7d590c48efc7e89d3c
discriminator_loss_D_B,photo discriminator,0.1769681791710088,loss,"mean over the 7,038 steps of completed epoch 29 (0-indexed epoch 28); LSGAN","reproducibility/raw_logs/khushi/task3_khushi_prod_20260930_154246*.jsonl (epoch_end records, epochs 1-29)",epoch_28.pt (completed epoch 29) sha256 d3124ab24a6f2201a03673cde5a416d04c78dd44985a3c7d590c48efc7e89d3c
cycle_consistency_loss_A,A,0.07417052950335307,"L1, [-1,1] scale, unweighted","mean over the 7,038 steps of completed epoch 29 (0-indexed epoch 28)","reproducibility/raw_logs/khushi/task3_khushi_prod_20260930_154246*.jsonl (epoch_end records, epochs 1-29)",epoch_28.pt (completed epoch 29) sha256 d3124ab24a6f2201a03673cde5a416d04c78dd44985a3c7d590c48efc7e89d3c
cycle_consistency_loss_B,B,0.09557474070922298,"L1, [-1,1] scale, unweighted","mean over the 7,038 steps of completed epoch 29 (0-indexed epoch 28)","reproducibility/raw_logs/khushi/task3_khushi_prod_20260930_154246*.jsonl (epoch_end records, epochs 1-29)",epoch_28.pt (completed epoch 29) sha256 d3124ab24a6f2201a03673cde5a416d04c78dd44985a3c7d590c48efc7e89d3c
identity_loss_A,A,0.060660561054688804,"L1, [-1,1] scale, unweighted","mean over the 7,038 steps of completed epoch 29 (0-indexed epoch 28)","reproducibility/raw_logs/khushi/task3_khushi_prod_20260930_154246*.jsonl (epoch_end records, epochs 1-29)",epoch_28.pt (completed epoch 29) sha256 d3124ab24a6f2201a03673cde5a416d04c78dd44985a3c7d590c48efc7e89d3c
identity_loss_B,B,0.07342844573650155,"L1, [-1,1] scale, unweighted","mean over the 7,038 steps of completed epoch 29 (0-indexed epoch 28)","reproducibility/raw_logs/khushi/task3_khushi_prod_20260930_154246*.jsonl (epoch_end records, epochs 1-29)",epoch_28.pt (completed epoch 29) sha256 d3124ab24a6f2201a03673cde5a416d04c78dd44985a3c7d590c48efc7e89d3c
gradient_norm_G,generators,19.631097173843084,L2 norm,"mean over the 7,038 steps of completed epoch 29 (0-indexed epoch 28)","reproducibility/raw_logs/khushi/task3_khushi_prod_20260930_154246*.jsonl (epoch_end records, epochs 1-29)",epoch_28.pt (completed epoch 29) sha256 d3124ab24a6f2201a03673cde5a416d04c78dd44985a3c7d590c48efc7e89d3c
gradient_norm_D_A,Monet discriminator,6.371204332040316,L2 norm,"mean over the 7,038 steps of completed epoch 29 (0-indexed epoch 28)","reproducibility/raw_logs/khushi/task3_khushi_prod_20260930_154246*.jsonl (epoch_end records, epochs 1-29)",epoch_28.pt (completed epoch 29) sha256 d3124ab24a6f2201a03673cde5a416d04c78dd44985a3c7d590c48efc7e89d3c
gradient_norm_D_B,photo discriminator,5.273240489602249,L2 norm,"mean over the 7,038 steps of completed epoch 29 (0-indexed epoch 28)","reproducibility/raw_logs/khushi/task3_khushi_prod_20260930_154246*.jsonl (epoch_end records, epochs 1-29)",epoch_28.pt (completed epoch 29) sha256 d3124ab24a6f2201a03673cde5a416d04c78dd44985a3c7d590c48efc7e89d3c
nan_inf_abort_events,overall,0,count,recorded NaN/Inf abort events (nan_detected/run_aborted records) in both log segments; the logger has no explicit counter,"reproducibility/raw_logs/khushi/task3_khushi_prod_20260930_154246*.jsonl (epoch_end records, epochs 1-29)",epoch_28.pt (completed epoch 29) sha256 d3124ab24a6f2201a03673cde5a416d04c78dd44985a3c7d590c48efc7e89d3c
parameter_count,"total (G_A2B 11,378,179 + G_B2A 11,378,179 + D_A 2,764,737 + D_B 2,764,737)",28285832,parameters,counted from checkpoint state dicts loaded into the current source; matches raw-log run_start,checkpoint + raw log run_start,epoch_28.pt (completed epoch 29) sha256 d3124ab24a6f2201a03673cde5a416d04c78dd44985a3c7d590c48efc7e89d3c
training_time,through completed epoch 29,20946.129,seconds,sum of epoch_seconds for epochs 1-29 (RTX 4090; run was paused/resumed once after epoch 5),"reproducibility/raw_logs/khushi/task3_khushi_prod_20260930_154246*.jsonl (epoch_end records, epochs 1-29)",epoch_28.pt (completed epoch 29) sha256 d3124ab24a6f2201a03673cde5a416d04c78dd44985a3c7d590c48efc7e89d3c
images_per_sec,selected epoch 29,9.714176213061092,images/s,"batch size 1, from epoch_end record","reproducibility/raw_logs/khushi/task3_khushi_prod_20260930_154246*.jsonl (epoch_end records, epochs 1-29)",epoch_28.pt (completed epoch 29) sha256 d3124ab24a6f2201a03673cde5a416d04c78dd44985a3c7d590c48efc7e89d3c
images_per_sec,mean epochs 1-29,9.745826977245068,images/s,mean of per-epoch values,"reproducibility/raw_logs/khushi/task3_khushi_prod_20260930_154246*.jsonl (epoch_end records, epochs 1-29)",epoch_28.pt (completed epoch 29) sha256 d3124ab24a6f2201a03673cde5a416d04c78dd44985a3c7d590c48efc7e89d3c
peak_memory_usage,max over epochs 1-29,2894273536,bytes (torch.cuda.max_memory_allocated),"per-epoch peak, maximum","reproducibility/raw_logs/khushi/task3_khushi_prod_20260930_154246*.jsonl (epoch_end records, epochs 1-29)",epoch_28.pt (completed epoch 29) sha256 d3124ab24a6f2201a03673cde5a416d04c78dd44985a3c7d590c48efc7e89d3c
human_audit_style_quality,combined mean of 2 raters,3.4833333333333334,1-5,"blinded audit, 30 fixed samples (15 A2B + 15 B2A, seed 42), 2 independent raters, 1-5 ordinal (higher is better); combined SD 1.017; rater1 4.000 +/- 0.910, rater2 2.967 +/- 0.850","outputs/human_audit/ratings_rater1.csv, ratings_rater2.csv, agreement_results.json, human_audit_summary.csv",epoch_28.pt (completed epoch 29) sha256 d3124ab24a6f2201a03673cde5a416d04c78dd44985a3c7d590c48efc7e89d3c
human_audit_content_preservation,combined mean of 2 raters,4.316666666666666,1-5,"blinded audit, 30 fixed samples (15 A2B + 15 B2A, seed 42), 2 independent raters, 1-5 ordinal (higher is better); combined SD 0.813; rater1 4.567 +/- 0.568, rater2 4.067 +/- 0.944","outputs/human_audit/ratings_rater1.csv, ratings_rater2.csv, agreement_results.json, human_audit_summary.csv",epoch_28.pt (completed epoch 29) sha256 d3124ab24a6f2201a03673cde5a416d04c78dd44985a3c7d590c48efc7e89d3c
human_audit_artifact_severity,combined mean of 2 raters,2.0166666666666666,1-5,"blinded audit, 30 fixed samples (15 A2B + 15 B2A, seed 42), 2 independent raters, 1-5 ordinal (1 = no visible artifacts, 5 = severe artifacts; lower is better); combined SD 0.948; rater1 1.600 +/- 0.621, rater2 2.433 +/- 1.040","outputs/human_audit/ratings_rater1.csv, ratings_rater2.csv, agreement_results.json, human_audit_summary.csv",epoch_28.pt (completed epoch 29) sha256 d3124ab24a6f2201a03673cde5a416d04c78dd44985a3c7d590c48efc7e89d3c
inter_rater_quadratic_kappa_style_quality,2 raters,0.1298701298701299,kappa,quadratic-weighted Cohen's kappa; exact agreement 33.3%; mean absolute difference 1.100,"outputs/human_audit/ratings_rater1.csv, ratings_rater2.csv, agreement_results.json, human_audit_summary.csv",epoch_28.pt (completed epoch 29) sha256 d3124ab24a6f2201a03673cde5a416d04c78dd44985a3c7d590c48efc7e89d3c
inter_rater_exact_agreement_style_quality,2 raters,33.33333333333333,percent,share of the 30 samples with identical scores,"outputs/human_audit/ratings_rater1.csv, ratings_rater2.csv, agreement_results.json, human_audit_summary.csv",epoch_28.pt (completed epoch 29) sha256 d3124ab24a6f2201a03673cde5a416d04c78dd44985a3c7d590c48efc7e89d3c
inter_rater_quadratic_kappa_content_preservation,2 raters,0.18096723868954745,kappa,quadratic-weighted Cohen's kappa; exact agreement 50.0%; mean absolute difference 0.700,"outputs/human_audit/ratings_rater1.csv, ratings_rater2.csv, agreement_results.json, human_audit_summary.csv",epoch_28.pt (completed epoch 29) sha256 d3124ab24a6f2201a03673cde5a416d04c78dd44985a3c7d590c48efc7e89d3c
inter_rater_exact_agreement_content_preservation,2 raters,50.0,percent,share of the 30 samples with identical scores,"outputs/human_audit/ratings_rater1.csv, ratings_rater2.csv, agreement_results.json, human_audit_summary.csv",epoch_28.pt (completed epoch 29) sha256 d3124ab24a6f2201a03673cde5a416d04c78dd44985a3c7d590c48efc7e89d3c
inter_rater_quadratic_kappa_artifact_severity,2 raters,-0.02523659305993675,kappa,quadratic-weighted Cohen's kappa; exact agreement 36.7%; mean absolute difference 1.033,"outputs/human_audit/ratings_rater1.csv, ratings_rater2.csv, agreement_results.json, human_audit_summary.csv",epoch_28.pt (completed epoch 29) sha256 d3124ab24a6f2201a03673cde5a416d04c78dd44985a3c7d590c48efc7e89d3c
inter_rater_exact_agreement_artifact_severity,2 raters,36.666666666666664,percent,share of the 30 samples with identical scores,"outputs/human_audit/ratings_rater1.csv, ratings_rater2.csv, agreement_results.json, human_audit_summary.csv",epoch_28.pt (completed epoch 29) sha256 d3124ab24a6f2201a03673cde5a416d04c78dd44985a3c7d590c48efc7e89d3c
kaggle_score,team leaderboard row,-49.5121,score (higher is better),team PairProgramming_Team_1 class-competition leaderboard screenshot; rank is the position at the time of the screenshot; banner reads: previous best -49.8366,outputs/kaggle/kaggle_leaderboard_rank29_score_-49.5121.png; outputs/kaggle/README.md,epoch_28.pt (completed epoch 29) sha256 d3124ab24a6f2201a03673cde5a416d04c78dd44985a3c7d590c48efc7e89d3c
kaggle_rank,team leaderboard row,29,rank,team PairProgramming_Team_1 class-competition leaderboard screenshot; rank is the position at the time of the screenshot,outputs/kaggle/kaggle_leaderboard_rank29_score_-49.5121.png; outputs/kaggle/README.md,epoch_28.pt (completed epoch 29) sha256 d3124ab24a6f2201a03673cde5a416d04c78dd44985a3c7d590c48efc7e89d3c
kaggle_score_calculated,from submission.csv,-49.512104148652426,score,"-(FID + MiFID)/2 from outputs/submission.csv; calculated cross-check, equals the screenshot score to 4 decimals",outputs/submission.csv,epoch_28.pt (completed epoch 29) sha256 d3124ab24a6f2201a03673cde5a416d04c78dd44985a3c7d590c48efc7e89d3c
