"epoch","ckpt","format","fid_A2B","fid_B2A","avg_fid","avg_mifid","projected_score"
"25","epoch_24.pt","jpg_q95","98.44596621205523","103.83618547998553","101.14107584602039","0.4143545776605606","-50.77771521184047"
"26","epoch_25.pt","jpg_q95","103.39049160765236","102.69223370991239","103.04136265878238","0.41275519132614136","-51.72705892505426"
"27","epoch_26.pt","jpg_q95","103.09024429455452","101.27501921414405","102.18263175434929","0.4145658165216446","-51.298598785435466"
"28","epoch_27.pt","jpg_q95","101.88206503040769","101.50780921550938","101.69493712295854","0.4147094637155533","-51.054823293337044"
"29","epoch_28.pt","jpg_q95","95.00897934893692","102.21947623426304","98.61422779159997","0.40998050570487976","-49.512104148652426"
"30","epoch_29.pt","jpg_q95","102.03164042714387","102.37647434829057","102.20405738771723","0.4126312881708145","-51.30834433794402"
"31","epoch_30.pt","jpg_q95","98.3753868640199","101.14879991173089","99.7620933878754","0.4121105819940567","-50.087101984934726"
"32","epoch_31.pt","jpg_q95","95.98745487849135","102.24221581291017","99.11483534570075","0.4101966470479965","-49.762515996374376"
"33","epoch_32.pt","jpg_q95","102.29585566911253","99.9545783828653","101.12521702598892","0.41508907079696655","-50.77015304839294"
"34","epoch_33.pt","jpg_q95","95.60295670200938","104.91991803238876","100.26143736719908","0.41275861859321594","-50.33709799289615"
"35","epoch_34.pt","jpg_q95","98.67744006903055","99.84662014124265","99.2620301051366","0.4112617075443268","-49.836645906340465"
"36","epoch_35.pt","jpg_q95","98.56994408878788","100.96229625766064","99.76612017322427","0.41019107401371","-50.08815562361899"
"37","epoch_36.pt","jpg_q95","99.40512041347274","100.29742531437483","99.85127286392378","0.4124792516231537","-50.13187605777347"
"38","epoch_37.pt","jpg_q95","97.6015104061608","100.91256792340965","99.25703916478523","0.41155365109443665","-49.83429640793983"
"39","epoch_38.pt","jpg_q95","101.35420520578536","102.99788136935763","102.1760432875715","0.41185182332992554","-51.293947555450714"
"40","epoch_39.pt","jpg_q95","101.43842052214656","100.42166543442647","100.93004297828651","0.4127896726131439","-50.671416325449826"
"29","epoch_28.pt","png","97.21321163378502","104.82570193246251","101.01945678312376","0.41362594068050385","-50.71654136190213"
