sample_id,direction,input_file,translation_file
S01,B2A,0a49020ae5.jpg,task3_gan/khushi/outputs/final_eval_epoch029/pred_B2A/0a49020ae5.jpg
S02,B2A,0938dc0298.jpg,task3_gan/khushi/outputs/final_eval_epoch029/pred_B2A/0938dc0298.jpg
S03,A2B,cb9c553ded.jpg,task3_gan/khushi/outputs/final_eval_epoch029/pred_A2B/cb9c553ded.jpg
S04,A2B,9843bc25c5.jpg,task3_gan/khushi/outputs/final_eval_epoch029/pred_A2B/9843bc25c5.jpg
S05,A2B,2759c1ed37.jpg,task3_gan/khushi/outputs/final_eval_epoch029/pred_A2B/2759c1ed37.jpg
S06,A2B,c6c88ce9c4.jpg,task3_gan/khushi/outputs/final_eval_epoch029/pred_A2B/c6c88ce9c4.jpg
S07,B2A,061f0095f0.jpg,task3_gan/khushi/outputs/final_eval_epoch029/pred_B2A/061f0095f0.jpg
S08,A2B,a7977705be.jpg,task3_gan/khushi/outputs/final_eval_epoch029/pred_A2B/a7977705be.jpg
S09,B2A,050da171c0.jpg,task3_gan/khushi/outputs/final_eval_epoch029/pred_B2A/050da171c0.jpg
S10,A2B,052a77c020.jpg,task3_gan/khushi/outputs/final_eval_epoch029/pred_A2B/052a77c020.jpg
S11,A2B,5e357ad790.jpg,task3_gan/khushi/outputs/final_eval_epoch029/pred_A2B/5e357ad790.jpg
S12,B2A,090d5b3cca.jpg,task3_gan/khushi/outputs/final_eval_epoch029/pred_B2A/090d5b3cca.jpg
S13,B2A,096495c50c.jpg,task3_gan/khushi/outputs/final_eval_epoch029/pred_B2A/096495c50c.jpg
S14,B2A,099159901a.jpg,task3_gan/khushi/outputs/final_eval_epoch029/pred_B2A/099159901a.jpg
S15,A2B,e2253b87a0.jpg,task3_gan/khushi/outputs/final_eval_epoch029/pred_A2B/e2253b87a0.jpg
S16,B2A,074218de82.jpg,task3_gan/khushi/outputs/final_eval_epoch029/pred_B2A/074218de82.jpg
S17,B2A,047acab66b.jpg,task3_gan/khushi/outputs/final_eval_epoch029/pred_B2A/047acab66b.jpg
S18,A2B,8044a92484.jpg,task3_gan/khushi/outputs/final_eval_epoch029/pred_A2B/8044a92484.jpg
S19,B2A,000ded5c41.jpg,task3_gan/khushi/outputs/final_eval_epoch029/pred_B2A/000ded5c41.jpg
S20,B2A,0529dd48c8.jpg,task3_gan/khushi/outputs/final_eval_epoch029/pred_B2A/0529dd48c8.jpg
S21,A2B,910610e827.jpg,task3_gan/khushi/outputs/final_eval_epoch029/pred_A2B/910610e827.jpg
S22,A2B,a202b1b200.jpg,task3_gan/khushi/outputs/final_eval_epoch029/pred_A2B/a202b1b200.jpg
S23,B2A,06f749912b.jpg,task3_gan/khushi/outputs/final_eval_epoch029/pred_B2A/06f749912b.jpg
S24,A2B,32cc820303.jpg,task3_gan/khushi/outputs/final_eval_epoch029/pred_A2B/32cc820303.jpg
S25,B2A,0312af1e14.jpg,task3_gan/khushi/outputs/final_eval_epoch029/pred_B2A/0312af1e14.jpg
S26,A2B,c14505c1da.jpg,task3_gan/khushi/outputs/final_eval_epoch029/pred_A2B/c14505c1da.jpg
S27,B2A,0466d4cdf9.jpg,task3_gan/khushi/outputs/final_eval_epoch029/pred_B2A/0466d4cdf9.jpg
S28,A2B,066fe4cbaa.jpg,task3_gan/khushi/outputs/final_eval_epoch029/pred_A2B/066fe4cbaa.jpg
S29,A2B,b5c2fe7c4c.jpg,task3_gan/khushi/outputs/final_eval_epoch029/pred_A2B/b5c2fe7c4c.jpg
S30,B2A,034627340c.jpg,task3_gan/khushi/outputs/final_eval_epoch029/pred_B2A/034627340c.jpg
