epoch,G_total,G_adv_A2B,G_adv_B2A,cycle_A,cycle_B,identity_A,identity_B,D_A,D_B,G_grad_norm,D_A_grad_norm,D_B_grad_norm,epoch_seconds,images_per_second,peak_memory_bytes
1,7.395331276821528,0.44368976211182204,0.4346720250290333,0.21670846929538146,0.2296229375102331,0.20378841332716507,0.2069426677723048,0.22916690618435992,0.2277275013395181,38.075366577535156,14.797177426638179,15.429888710810259,724.4401338100433,9.71508848217049,2776539648
2,5.9877348233773375,0.4427838513682432,0.4577143723256283,0.1712845102562319,0.17618330672984606,0.1654921000890601,0.15701958493962906,0.19442786561784633,0.20783708130032497,29.94331660661782,11.192445034246239,12.788847051887537,736.5218069553375,9.555725212120953,2776539648
3,5.456945442008376,0.4455306125000494,0.49161685385105325,0.14924020144128264,0.15878202852298925,0.14753492579444222,0.14038020806849155,0.16693262068375322,0.19777551150948772,28.210281207271517,9.818636525848326,9.475041201013724,718.6920299530029,9.79278982745952,2776539648
4,5.140046473422082,0.44832943442192125,0.5263013250151352,0.13500309472892494,0.14819257177886772,0.13511328106631218,0.1315785272178722,0.14412622238316422,0.1909670016838703,26.282501862676444,8.70018545774142,7.982490513455835,688.9879775047302,10.214982307077602,2776539648
5,4.915802956033952,0.4514856434156724,0.5299570650517577,0.12517468792231,0.14276356230304385,0.12566113629931244,0.12533441098403206,0.14032695613352625,0.18139828790696966,25.031837369449352,7.766381516875946,7.008794430733979,689.7039988040924,10.204377547764683,2776539648
6,4.748705195174633,0.46066819390683783,0.531448029665026,0.1184359063188201,0.13757483048867894,0.1181868114811719,0.12110950768340097,0.13557735111158944,0.17509491300463367,24.76176709694904,6.865829645759662,6.629362801155319,724.2480719089508,9.717664807100496,2894273536
7,4.533004496306917,0.45422596265235027,0.5087268648983534,0.11059725508951318,0.1319351863194364,0.11131166297869355,0.11763378650237973,0.14118785642851783,0.17429284276067575,23.88032712580402,6.884292539218953,6.464629485922859,726.563464641571,9.68669681659811,2894273536
8,4.368798909691391,0.45639940949819047,0.46897658610356,0.1059507356692475,0.1284928695304289,0.10593108321310073,0.11386628746356509,0.15385963634115943,0.17171188795427775,23.311925671735754,6.919259709152251,6.150931480633684,723.8786034584045,9.72262471410984,2894273536
9,4.239564781129343,0.44997472293742696,0.4658883399390686,0.10235304953268422,0.12431201891950855,0.10123881248216816,0.11017139255603535,0.15838538090592294,0.17684008817220995,22.49507591665065,6.846507272427379,6.383579404460922,724.4689245223999,9.714702400299284,2894273536
10,4.143343541323376,0.44896650611512673,0.47135272667576267,0.09823307877024845,0.12230993252492113,0.09678382776692429,0.10673501067981442,0.15508876825278162,0.1764544826951042,21.771790932279597,6.407432063631945,6.0310241003335605,725.6154155731201,9.6993529202258,2894273536
11,4.058172460170116,0.444196179097756,0.4736681874856272,0.09564025055391608,0.11991507665823979,0.092921774191811,0.10402918863580007,0.155655887252888,0.17717503718597777,21.128797098431512,6.513421492120892,5.795138724658068,725.0292553901672,9.70719449963791,2894273536
12,3.9624707539605293,0.43848224666893787,0.4781081048577482,0.09379544620632142,0.11614214565152893,0.08960698321609885,0.099693912422032,0.1545728769782707,0.17836548420940676,20.83695081075421,6.495440365453919,6.202461913601644,724.0744161605835,9.71999540781887,2894273536
13,3.8977277770439445,0.43879677232687814,0.4811645583931116,0.09138716365766224,0.11472383052434611,0.08588273660339357,0.09744856290600751,0.15225263092503838,0.1787017160813814,20.616198384903857,6.567143738114283,5.636725278355987,725.2988228797913,9.703586684527759,2894273536
14,3.842251878057091,0.4410137347175689,0.4906715400518045,0.08921269463487953,0.11280914459882489,0.08307957157448176,0.09499006907334676,0.1526778041144013,0.17805387818329427,20.022037247834053,6.744031614166461,5.878522936382187,723.444097995758,9.728464188868491,2894273536
15,3.8235005772090087,0.4390126059975652,0.509790176117084,0.0883210096291247,0.11175282097030691,0.08201891109537895,0.09277298570057188,0.1416053812382899,0.17892388747483662,20.271913283996984,6.191407711171405,5.5172581243242815,723.5099012851715,9.727579384191415,2894273536
16,3.768898144470219,0.4395507351442659,0.5188501231733875,0.08613591306874886,0.11006001082999814,0.07930189577593201,0.09040571267378622,0.13896534074670586,0.17883890495630542,19.880131706433062,6.160882237479192,5.4282749560468,723.4239497184753,9.728735138971938,2894273536
17,3.753113533258777,0.4410890385259232,0.5467745012702416,0.08481821034322767,0.10908638634863192,0.07667286032305315,0.08856794436529182,0.1293539939377839,0.1776141782692716,19.871815221920766,6.277966226565633,5.6871741055036535,724.0585761070251,9.720208049796918,2894273536
18,3.733344173526249,0.44080857490540043,0.5763307262924491,0.08353645389073357,0.10715816125806191,0.0752867345363918,0.08656500882656229,0.11986606313155461,0.1784685792535878,19.73334370148835,6.287553627625843,5.142972082915378,724.5215475559235,9.713996807606001,2894273536
19,3.713961783645166,0.4444886239419677,0.6085843395692664,0.08186418985782293,0.1051757571568782,0.07331405951778856,0.08478380930531927,0.10990478592689495,0.17799914690487786,19.80625318487616,5.434101418838322,5.6212880162141845,724.1242558956146,9.719326403857622,2894273536
20,3.6810237508702257,0.4382077522425531,0.6284017267399559,0.08024495679320903,0.10401967055111082,0.07102248770308939,0.08333111075516636,0.10293833510095371,0.17920952012090732,19.874461378391995,5.762548881394338,5.340617791063152,725.4085628986359,9.702118723105626,2894273536
21,3.667582404684634,0.4411720572479872,0.6530440576860438,0.07886969133773271,0.10278127154821816,0.06923935466937448,0.0821319765978474,0.09694040432449565,0.1796855319047341,19.8820464714967,5.881888018033295,5.56097530562744,724.5169146060944,9.714058924112797,2894273536
22,3.64387557082435,0.4417742983932716,0.6590523204572222,0.07868844624100617,0.1012694786796857,0.06829480042839361,0.080399139378295,0.09189812323694102,0.179121981266146,20.011851292702055,5.569779803936887,5.327831019859539,724.3353068828583,9.716494464818636,2894273536
23,3.6261424460374485,0.44065835741413406,0.673793225023291,0.0774896098512539,0.10041525172750893,0.06700666100961829,0.07952178795971496,0.08868066026795042,0.17810686051797384,20.28524927989344,5.504087066328784,5.349581512756602,724.8413603305817,9.709710821123878,2894273536
24,3.595931813201297,0.4397385535175767,0.6807513224311929,0.07655907442682625,0.09900426124382693,0.06563574576956299,0.07832596986521481,0.08828409878115198,0.179630748688874,20.133329954407824,5.5464552795822355,5.573893022463924,723.9679543972015,9.721424763696978,2894273536
25,3.586763490801272,0.44031054765419014,0.6969043415385947,0.0758354445275223,0.09841142550352183,0.06442726072893669,0.07698871852283803,0.08460427626954727,0.17799684462545354,20.37848160600906,5.422090848860963,5.397491840132549,724.7217891216278,9.711312817750585,2894273536
26,3.5635489609201514,0.4449659449300557,0.702031241948461,0.07498652720307805,0.09692357788505533,0.0633099536345565,0.07618019019702672,0.08227171327042229,0.17682351019740544,20.347182158943085,4.980822254625766,5.254932152227363,723.8426713943481,9.723107352102637,2894273536
27,3.5263335090125274,0.44164644321360585,0.6881700698598588,0.07499567534256876,0.09606175518187907,0.06241995408870629,0.07476858396356241,0.08897331113678025,0.17758352600374694,20.518083775801603,5.650783870842208,5.265968365544913,724.0012423992157,9.72097779373593,2894273536
28,3.417489931830021,0.43975962761156506,0.5997111631065616,0.07405217156834683,0.09606794417714296,0.061037738872869306,0.0743258578838311,0.11267014298681725,0.1779064887512129,20.1820967794622,5.545323684753931,5.4079996878636685,725.3793938159943,9.702508866395117,2894273536
29,3.4023680424581846,0.4398159491478906,0.5946543513839304,0.07417052950335307,0.09557474070922298,0.060660561054688804,0.07342844573650155,0.11601313764907464,0.1769681791710088,19.631097173843084,6.371204332040316,5.273240489602249,724.5081667900085,9.714176213061092,2894273536
