category,test_index,true_label,predicted_label,prob_positive,text,exp2_top_attention_tokens
confident_false_positive,29330,0,1,1.0,"Wow love the place and everything is very clean and new!  Great place to come and relax worth a try!  Cheers,  Eric Van Nguyen Visited April 2012","love(0.06), great(0.06), worth(0.06), clean(0.06), relax(0.06)"
confident_false_positive,29923,0,1,0.9999,"Pumpkin Spice. Red Velvet Cake. Friggin NUTELLA. These are the flavors I love the most...if any other froyo joint made them. I have passed by this place many times with my girlfriend, and always meant to stop in due to the sign outside advertising the red velvet cake flavor (my favorite dessert). I finally stopped in the other day to try some. I got some of the red velvet cake and nutella, and my girlfriend got the pumpkin spice. The toppings are irrelevant, because those are standard fare among froyo stores and hard to screw up.   Frozen yogurt, on the other hand, is apparently very easy to screw up. If you like their base flavor and are only adventurous enough to enjoy slight variations on it, go right ahead. But if you're expecting the flavor you get to, well, taste like the flavor you get, you're SOL. Pumpkin Spice tasted like the base flavor with a very slight hint of pumpkin. RVC tasted like the base flavor with a slight hint of cream cheese and chocolate. Nutella tasted like the base flavor with a slight hint of nutella. Due to my high hopes, their flavor could all be summed up as the flavor of sadness. I would recommend just about every other froyo joint than this one.","favorite(0.02), nutella(0.02), love(0.02), nutella(0.02), enjoy(0.02)"
confident_false_positive,5185,0,1,0.9995,"Like Clay P who posted before me, I too love pancakes. Though I love chocolate chip pancakes. But like Clay I did not love the ones that I got a the Original Pancake House. Typically, restaurants just don't do it the way I like them and I have come to expect that. Grading OPH on those terms, they did a respectable job. It is definitely a worthwhile destination for a pancake lover.","definitely(0.06), respectable(0.06), job(0.06), clay(0.06), worthwhile(0.05)"
confident_false_positive,15988,0,1,0.9993,"Local dining icons deserve their own criteria for recognition.  That said, adding sliced tomato, coleslaw and a pile of fries to a deli sandwich defines the Primanti as a Pittsburgh-area institution.  Their cheesesteaks will never threaten the best of Philly's, nor will their pastrami or corned beef be mistaken for New York deli; this only serves to make the Primanti style unique.  I find their meats to be generally good, and reasonably generous.  Tomato on a corned beef sandwich can only be regarded as an acquired taste.  Personally, I'm not a fan of loading a sandwich with fries, but again, this is a matter of preference.  The assembled work is a massive sandwich which invites a machismo-driven, face-first dive into its mismatched imperfection.  After the second or third surfacing-for-air, the conclusion I've always had was of an enjoyable adventure.  Prices are downright cheap.","enjoyable(0.05), imperfection(0.04), always(0.04), adventure(0.03), best(0.03)"
confident_false_positive,4488,0,1,0.9993,"It's good. The rolls are better than the sashimi although one time we had some really nice(and surprising) maguro. We always get the hamachi jalape\u00f1o roll and some sashimi so don't get me wrong when I say the rolls are better than the sashimi. It's still enjoyable. Good atmosphere and my girl likes the martinis. Little Tokyo in Mt. Lebanon and Kiku in Station Square are better. Nakama is good for some enjoyable sushi and, more importantly, the atmosphere.  You can go here and watch the pens game AND eat a roll.  Can't say that about a lot of sushi restaurants.  4.5 of 10 relative to sushi quality alone","enjoyable(0.04), good(0.04), importantly(0.04), good(0.04), nice(0.04)"
confident_false_negative,22807,1,0,0.0001,"EDIT: They really did change the service up since I last posted this.  Horrible service.  Used to be my favorite pizza in the city (at a reasonable price), but I'm rethinking that. We just had an altercation with a server who refused to split a check when we were paying with cash. He then proceeded to disrespect the party at the table, telling us to 'not give him attitude about it.'  Sorry Bella Notte, but we're not children. I don't care if you're working hard - it doesn't give you any excuse to disrespect your paying customers like that.","disrespect(0.02), not(0.02), favorite(0.02), horrible(0.02), party(0.02)"
confident_false_negative,11401,1,0,0.0004,"Perhaps my expectations were too high because of all the hype I'd heard, but I have to say I was a little disappointed. We did a girls' night out and were so excited about this new great wine/chocolate combo thing, but after waiting forever for a table we waited forever for a waitress, who utimately messed up our order and brought us first the wrong food and then cold food. When they finally got the food right, it was actually pretty goos, but by that time were were kind of over it. As for dessert, we ended up going with these chocolate martinis that were pretty rockin. My suggestion is head there for drinks but not for food.","hype(0.03), disappoint(0.03), expectation(0.03), high(0.03), cold(0.03)"
confident_false_negative,25329,1,0,0.0004,"Im with Kimberly B...this is a card for people rebuilding credit.  Mine got tanked due to a divorce.  I have been rebuilding, and started with a $300 limit, and it is now at $1250.  I do not carry a balance, ever.  If you need to carry a balance, then you haven't learned your lesson that got us all to this type of a card in the first place.  It you are a day late, you haven't learned your lesson either. A day late is a  day late. You can sign up to get reminders to pay a week in advance.  Also, it is NOT A HIDDEN $75 fee.  It isn't hidden!  It's clearly disclosed, along with the $8.95 monthly fee.  People who place blame where it doesn't belong aren't going to take responsibility for getting their credit back in order.  Get over it.  It's a card to rebuild credit...you are going to pay for the privlege of doing so.  I will probably keep it awhile longer, as length of time you have an account open adds to your score too.  Educate yourselves people. Stop blaming the company for being a business and take your finances into your own hands.","1250(0.02), blame(0.02), not(0.02), disclose(0.02), not(0.02)"
confident_false_negative,30793,1,0,0.0004,"This place is so much better since they changed owners.  My wife and I went when it was the old owners, it was terrible.  We waited forever and the food never came before we walked out.  People were served before us that walked in after and my wife actually got her soup before me and I sat and waited while they \""""made more\"""".  It was horrible.  Now its much better.  The staff are very friendly, they treat their customers very well and I have nothing but positive things to now say about this place.  Its much better with the new owners.","terrible(0.04), horrible(0.04), never(0.04), food(0.04), forever(0.04)"
confident_false_negative,12280,1,0,0.0007,"Came here back in June for the Britney Spears concert with my daughter. Not the best accoustics, but still a fairly nice venue. This was the most bizarre concert I've ever attended. It's not the venue's fault, but it was a weird experience. We sat in the unfixed seats in the back, just above the first level. An older couple sat next to us because the wife used a cane. First of all, I thought I would have been the oldest person there, I'm 41, but this couple was in their mid to late sixties. I heard the man tell his wife to sit the f*ck down...nice guy, right? During the opening act & the Nicki Minaj portion of the concert, he kept looking through his binoculars at them...EW. Then Britney came out. He danced as well as he could being old, white & sitting down. Again, he ogled Britney & her dancers through his binocs. Some poor girl had the misfortune of walking past then stopping in front of them on the walkway just above the top row of seats in the lower section. They yelled at her and told her to, \""""Get the f*ck out of the way!!\"""". She left, quite bewildered at being verbally assulted by a couple of old geezers at a Britney Spears concert. The part of Britney's show came in which she asks a male member of the audience to come on stage and dance with her. The fool old man was waving his hand wildly in the air, like a the kiss-ass smart kid in your elementary school class kind of hand raising! Fortunately for everyone in that arena, she picked a younger, better looking man....phew! About 10 minutes later, a group of 4 girls decided they wanted to dance where the first girl had earlier got her ass verbally handed to her by Mr. & Mrs. Hemorrhoid.  Again, they yelled obscenities at the girls, he pushed one of them and the wife was pushing them with her cane! The girls asked my daughter & I if we minded if they moved in front of us. We told them it was fine, we could still see just fine. Then one of the girls told the man that it was not OK to hit a woman. He says, \""""I didn't hit you, I pushed you!\""""...wow. Sorry girls, he's taken!","poor(0.01), bewilder(0.01), misfortune(0.01), f(0.01), verbally(0.01)"
near_threshold_error,4169,0,1,0.5005,Well it's over when they want it to be underwear night 11-to whenever they feel it's over,"underwear(0.41), well(0.16), whenever(0.12), night(0.09), want(0.09)"
near_threshold_error,1772,0,1,0.5005,"Definitely not one of the nicer Hiltons I've stayed at, but close to the airport...so its convenient and the inside of the place is nice enough.  Not the place you want to leave ANY valuables in your car though...the parking lot is dark in a lot of places, spaces can be finicky finding depending how busy they are and it's not in the greatest area of town.  In fact it was kind of comical...I left the hotel in the evening to grab a bite to eat...and less than a mile down the road was strip club after strip club...if that's any indication of the area.  Next door is a Holiday Inn and honestly I would recommend getting the rates on both and just staying at the cheeper one.","definitely(0.07), not(0.06), cheeper(0.04), not(0.04), indication(0.04)"
near_threshold_error,29447,1,0,0.4993,"Great place to feed your caffeine addiction. Quality coffee, lattes, and tea. The menu is limited. I ordered the chicken salad. Not bad at all, but the sandwich was thrown together and the chips were from the bottom of the bag (crumbled and smashed! Gheez! just open a new bag). The dessert, though a good variety, looked old and stale. There were at least 2 flies on the chocolate croissants. The location is pleasing as you can take a moment to walk over to TCBY or Mellow Mushroom. Also the movie theater is upstairs if you prefer.","great(0.08), stale(0.08), throw(0.06), place(0.05), least(0.05)"
near_threshold_error,8723,1,0,0.4991,"went in tonight on my way home and scored two pairs of $35 sweats for $12 each, yea!!! also found a beanie for my kid for $7 not such a great deal but it does have a Nike swoosh on it and we all know that = $$$$ it was marked down from $15. this place is hit and miss but i have always been able to find a decent deal on something i wanted when i go in. check it out. the mall is kind of dumpy but they are remodeling it so hopefully one day it will be nice.","score(0.08), miss(0.07), not(0.07), two(0.05), pair(0.04)"
near_threshold_error,5190,0,1,0.5017,"After shopping on-and-off here for nearly 5-years, it's time for a quick update, and a slight downgrade.  - Parking lot. Always cramped, especially when they park a 53' long refrigerated semi trailer or some other type of temporary something-or-another across one entire row of parking stalls. Most recent visit yielded exactly zero open parking spots for the entire lot... granted, it was NYE, but crikey.  - Produce quality. Not sure what it is, but the produce has been on a fairly steady decline for a while now. Lots of shriveled peppers and wrinkly tomatoes... anemic asparagus... brownish limes.   - Pricing. I grabbed a small package of cremini mushrooms and almost had a heart attack when they rang-up as $4.99 for 8oz. The *exact same brand* can be purchased at Woodman's (yes, organic, and yes - the exact same brand) for $1.99. A single red bell pepper was $4.29 here as well. No thanks.  - Cramped aisles. Always hard to navigate through/around; worse when it's busy or when they are restocking things.  - Salad bar. I challenge you to find protein on the salad bar. I'm a guy who likes a little chicken or turkey or ham on his salad... I've scoured that thing a dozen times and cannot find any meats anywhere. If I'm missing them, someone tell me.  + Samples. Everyone knows how great the free samples here are.  + Meat department. It's improved! I've been teaching grilling classes for most of the summer, and this is my primary source for those grilling goods. There's an older butcher there who is superb - very helpful and knowledgeable.   + Bakery. So good. Lots of sinful treats to choose from - all look and taste delish.  + Staff. Always friendly, always helpful.   The biggest reasons for the downgrade? Size, produce, and pricing. My last visit cost $39.73; had I purchased the same stuff from Willy Street or Woodman's, I guarantee it would've been under/around $20. I find myself shopping here less and less often because of this.","53(0.02), knowledgeable(0.02), sinful(0.02), wrinkly(0.02), shrivel(0.02)"
slice_failure[high_unk_rate(>10%)],1256,0,1,0.999,"What era is this?  That was my first thought as I stepped into this restaurant.  Mirrored ceilings, velvet upholstered chairs, cheetah print fabric -- it was like I was in the 80's or in the movie \""""Scarface.\""""  The place was pretty quiet and the atmosphere would be good for maybe a birthday or a graduation dinner.   I came here with some clients for dinner (on a weeknight) while we were in Phoenix.  There were 2 or 3 other tables here that night; not very busy.     The menu had a good selection of various Italian dishes: pastas, seafood, chicken, veal, pork, etc.   For starters, we all shared the Calamari (http://www.yelp.com/biz_photos/avanti-phoenix?select=ZZCRKeBcrFxbb4fZyaKsWw#KrxhHm5bvPqPTmXfpO2rjA) and the Escargot De Bourhohne (http://www.yelp.com/biz_photos/avanti-phoenix?select=ZZCRKeBcrFxbb4fZyaKsWw#_lPAyaWEzQ9QK92_i6trfA).  The Calamari was delicious!  The batter was light and crisp, and the squid was pretty tender.  The Escargot was cooked in garlic butter and brandy wine, which gave it some nice flavors.  It was a little chewy, but it pretty much tasted like a clam.   We all shared a bottle of the 2010 Markham Merlot (Napa Valley) -- this had a nutty, vanilla, woodsy flavor.  We all ordered seafood so it paired nicely with our dishes.  (http://www.yelp.com/biz_photos/avanti-phoenix?select=ZZCRKeBcrFxbb4fZyaKsWw#ofGN_r7-hk5EeZkx8W0h1g)  For my main dish, I went with one of the specials offered that night, the Squid Ink Ciopinno (http://www.yelp.com/biz_photos/avanti-phoenix?select=ZZCRKeBcrFxbb4fZyaKsWw#RCrj3Z_O7IyIUIVA6r5bTg).  This seemed more like a pasta rather than a ciopinno in my opinion.  What I love the most about ciopinno is that savory, rich, seafood broth.  This one didn't have any broth, it was more like a tomato sauce.  Although this dish did include a generous amount of seafood (mussels, shrimp, scallop), it didn't taste very fresh and had a rubbery texture.   A few people at my table ordered the Dover Sole special that was available that night  (http://www.yelp.com/biz_photos/avanti-phoenix?select=ZZCRKeBcrFxbb4fZyaKsWw#9eQoEjUq1Ayiw6iKw4H5dg_.  This fish was fried whole, and then your server removes the fillet from the head/tail right before he served you.  Someone else ordered the Dover Sole dish that was available on the dinner menu (http://www.yelp.com/biz_photos/avanti-phoenix?select=ZZCRKeBcrFxbb4fZyaKsWw#RFHGeb_vykwNYJeIQv_fDA).  She did not seem to enjoy this very much.  I had a taste of it and it had a murky/mushy taste and texture to it.  The sauce was very buttery-- I prefer the fried Dover over this one.  Dessert was okayyy.  I ordered the Spumoni  (http://www.yelp.com/biz_photos/avanti-phoenix?select=ZZCRKeBcrFxbb4fZyaKsWw#RlDB83kUQaeOOU-6EItG8A).  It looks like a vanilla turd, lol.  The texture of the ice cream tasted like those ice cream cups you'd get in elementary school-- icee, not creamy, and dirzzled with some Hershey's chocolate syrup.. what a disappointment.  The sorbet was a lot better than the Spumoni and was a refreshing palate cleanser (http://www.yelp.com/biz_photos/avanti-phoenix?select=ZZCRKeBcrFxbb4fZyaKsWw#3go2OFhMl_zK2GETMSYJjg).  The Tiramisu (http://www.yelp.com/biz_photos/avanti-phoenix?select=ZZCRKeBcrFxbb4fZyaKsWw#pOWH0I8A7J4-UFByf4FR_A) was average.. not great and not bad.   In my opinion, the prices here are super steep, especially for most of the dishes we orderded.  Service-wise, we were welcomed upon entrance and our server was very attentive... but only in the beginning of the meal.  It took us forever to get our check.","delicious(0.02), woodsy(0.02), escargot(0.02), cheetah(0.02), escargot(0.02)"
slice_failure[high_unk_rate(>10%)],36104,0,1,0.9985,"Das HubRaum ist f\u00fcr mich die Sommerkneipe in Durlach. Sch\u00f6n ruhig und im Gr\u00fcnen gelegen, bietet es reichlich Parkpl\u00e4tze, die aber auch belegt sind wenn das Lokal voll wird. Das Ambiente mit dem Sandbereich ist einzigartig und so f\u00fchlt man sich auch gleich richtig wohl. Wir waren schon zu zweit und in einer gr\u00f6\u00dferen Gruppe dort und fandes jedesmal alles prima. Auch das Essen war immer lecker obwohl oder vielleicht auch weil die Speisekarte nicht zu umfangreich ist. Komisch ist jedoch, wieso gibt es weniger Wurstsalat, wenn als Beilage noch Pommes mitbestellt werden? :-(  Wir hatten f\u00fcnf Portionen am Tisch und das war schon sehr auff\u00e4llig.","bietet(0.04), prima(0.04), reichlich(0.03), al(0.03), die(0.03)"
slice_failure[high_unk_rate(>10%)],35963,0,1,0.9968,"Interessante Gestaltung, mitten in der Stadt, unfreundliche Bedienung und ekelhafte Getr\u00e4nke, ein Stern ist da fast zu viel.","fast(0.12), ist(0.11), zu(0.10), viel(0.08), u00e4nke(0.05)"
slice_failure[high_unk_rate(>10%)],19328,0,1,0.9952,"On n'y va QUE pour la section fruits et l\u00e9gumes, toujours bien remplie. Sinon, c'est sale! Les \u00e9tag\u00e8res sont sans dessus dessous, \u00e0 moiti\u00e9 vides. Inutile de s'\u00e9terniser sur le sujet. On y va en cas de grande n\u00e9cessit\u00e9. Uniquement.","bien(0.08), remplie(0.07), toujours(0.07), u00e9gumes(0.07), dessous(0.07)"
slice_failure[high_unk_rate(>10%)],27150,0,1,0.9923,"Die Cocktails waren einen Besuch wert, alles andere war eher entt\u00e4uschend bei unserem Besuch. Ideal zentral und ein wenig ausgefallen (Prinz-Max-Palais) gelegen, entt\u00e4uschte vor allem die Einrichtung mit der Abwesenheit jeglicher Atmosph\u00e4re (mit Ausnahme einer sterilen Krankenhauszelle evtl.) und die mehr abwesende und gleichg\u00fcltige als freundliche Bedienung.","palais(0.05), wert(0.05), freundliche(0.04), ideal(0.04), entt(0.04)"
